{"cameraMode":{"drawMode":0,"name":"Shaded","section":"Shading Mode"},"sceneLighting":true,"audioPlay":false,"sceneViewState":{"showFog":true,"showMaterialUpdate":false,"showSkybox":true,"showFlares":true,"showImageEffects":true,"showParticleSystems":true},"in2DMode":false,"pivot":{"x":-0.08291739225387573,"y":-0.06329651176929474,"z":0.12319207191467285},"rotation":{"x":-0.18643662333488465,"y":0.12138161808252335,"z":-0.023218246176838876,"w":-0.9746634364128113},"size":1.1053433418273926,"orthographic":false}