{"cameraMode":{"drawMode":0,"name":"Shaded","section":"Shading Mode"},"sceneLighting":true,"audioPlay":false,"sceneViewState":{"showFog":true,"showMaterialUpdate":false,"showSkybox":true,"showFlares":true,"showImageEffects":true,"showParticleSystems":true},"in2DMode":false,"pivot":{"x":-0.07143541425466538,"y":-0.404472291469574,"z":0.3840620219707489},"rotation":{"x":-0.2231030911207199,"y":0.0052628107368946079,"z":-0.0012045529438182712,"w":-0.9747799038887024},"size":0.602241039276123,"orthographic":true}