{"cameraMode":{"drawMode":0,"name":"Shaded","section":"Shading Mode"},"sceneLighting":true,"audioPlay":false,"sceneViewState":{"showFog":true,"showMaterialUpdate":true,"showSkybox":true,"showFlares":true,"showImageEffects":true,"showParticleSystems":true},"in2DMode":false,"pivot":{"x":0.11089509725570679,"y":0.0027507245540618898,"z":0.0},"rotation":{"x":0.11524467915296555,"y":-0.013711724430322647,"z":0.0015913972165435553,"w":0.9932412505149841},"size":1.346409559249878,"orthographic":false}