{"cameraMode":{"drawMode":0,"name":"Shaded","section":"Shading Mode"},"sceneLighting":true,"audioPlay":false,"sceneViewState":{"showFog":true,"showMaterialUpdate":false,"showSkybox":true,"showFlares":true,"showImageEffects":true,"showParticleSystems":true},"in2DMode":false,"pivot":{"x":0.20659999549388886,"y":0.15360000729560853,"z":0.21439999341964723},"rotation":{"x":-0.08954311162233353,"y":0.028676310554146768,"z":-0.002565958769991994,"w":-0.995566725730896},"size":0.4068068861961365,"orthographic":true}