{"cameraMode":{"drawMode":0,"name":"Shaded","section":"Shading Mode"},"sceneLighting":true,"audioPlay":false,"sceneViewState":{"showFog":true,"showMaterialUpdate":false,"showSkybox":true,"showFlares":true,"showImageEffects":true,"showParticleSystems":true},"in2DMode":false,"pivot":{"x":0.08970417082309723,"y":0.8177191615104675,"z":0.18961286544799806},"rotation":{"x":-0.031194476410746576,"y":0.006291904486715794,"z":-0.00018339813686907291,"w":-0.9994935989379883},"size":0.3763522207736969,"orthographic":true}