{"cameraMode":{"drawMode":0,"name":"Shaded","section":"Shading Mode"},"sceneLighting":true,"audioPlay":false,"sceneViewState":{"showFog":true,"showMaterialUpdate":false,"showSkybox":true,"showFlares":true,"showImageEffects":true,"showParticleSystems":true},"in2DMode":false,"pivot":{"x":0.11658933758735657,"y":0.09416840970516205,"z":0.0473410040140152},"rotation":{"x":-0.06265567988157273,"y":-0.010184233076870442,"z":0.0006525019998662174,"w":-0.9979830980300903},"size":0.46479928493499758,"orthographic":true}