{"cameraMode":{"drawMode":0,"name":"Shaded","section":"Shading Mode"},"sceneLighting":true,"audioPlay":false,"sceneViewState":{"showFog":true,"showMaterialUpdate":false,"showSkybox":true,"showFlares":true,"showImageEffects":true,"showParticleSystems":true},"in2DMode":false,"pivot":{"x":-0.02908954955637455,"y":0.1101783812046051,"z":-0.02065429277718067},"rotation":{"x":-0.08133992552757263,"y":-0.06394845992326737,"z":0.005236808676272631,"w":-0.9946190714836121},"size":0.2963685989379883,"orthographic":true}