{"cameraMode":{"drawMode":0,"name":"Shaded","section":"Shading Mode"},"sceneLighting":true,"audioPlay":false,"sceneViewState":{"showFog":true,"showMaterialUpdate":false,"showSkybox":true,"showFlares":true,"showImageEffects":true,"showParticleSystems":true},"in2DMode":false,"pivot":{"x":0.020418241620063783,"y":0.025645248591899873,"z":0.21410001814365388},"rotation":{"x":0.05580858513712883,"y":-0.43655019998550417,"z":0.027143286541104318,"w":0.8975369930267334},"size":0.14816154539585114,"orthographic":true}