{"cameraMode":{"drawMode":0,"name":"Shaded","section":"Shading Mode"},"sceneLighting":true,"audioPlay":false,"sceneViewState":{"showFog":true,"showMaterialUpdate":false,"showSkybox":true,"showFlares":true,"showImageEffects":true,"showParticleSystems":true},"in2DMode":false,"pivot":{"x":-0.0022563636302948,"y":0.09069227427244187,"z":0.20158886909484864},"rotation":{"x":-0.09253030270338059,"y":-0.02807910367846489,"z":0.0026236488483846189,"w":-0.9953104257583618},"size":0.2641565501689911,"orthographic":true}