{"cameraMode":{"drawMode":0,"name":"Shaded","section":"Shading Mode"},"sceneLighting":true,"audioPlay":false,"sceneViewState":{"showFog":true,"showMaterialUpdate":false,"showSkybox":true,"showFlares":true,"showImageEffects":true,"showParticleSystems":true},"in2DMode":false,"pivot":{"x":0.21087941527366639,"y":0.14848540723323823,"z":0.21075312793254853},"rotation":{"x":-0.09105396270751953,"y":-0.020616423338651658,"z":0.0018986852373927832,"w":-0.9956308007240295},"size":0.3024270832538605,"orthographic":true}