{"cameraMode":{"drawMode":0,"name":"Shaded","section":"Shading Mode"},"sceneLighting":true,"audioPlay":false,"sceneViewState":{"showFog":true,"showMaterialUpdate":false,"showSkybox":true,"showFlares":true,"showImageEffects":true,"showParticleSystems":true},"in2DMode":false,"pivot":{"x":0.06880626827478409,"y":0.06739063560962677,"z":0.15746764838695527},"rotation":{"x":0.07252799719572067,"y":-0.014660905115306378,"z":0.001061254646629095,"w":0.9972580075263977},"size":0.24854010343551637,"orthographic":true}