{"cameraMode":{"drawMode":0,"name":"Shaded","section":"Shading Mode"},"sceneLighting":true,"audioPlay":false,"sceneViewState":{"showFog":true,"showMaterialUpdate":false,"showSkybox":true,"showFlares":true,"showImageEffects":true,"showParticleSystems":true},"in2DMode":false,"pivot":{"x":0.0,"y":0.0737999975681305,"z":0.20450958609580995},"rotation":{"x":-0.031194476410746576,"y":0.006291904486715794,"z":-0.00018339813686907291,"w":-0.9994935989379883},"size":0.23320512473583222,"orthographic":true}