{"cameraMode":{"drawMode":0,"name":"Shaded","section":"Shading Mode"},"sceneLighting":true,"audioPlay":false,"sceneViewState":{"showFog":true,"showMaterialUpdate":false,"showSkybox":true,"showFlares":true,"showImageEffects":true,"showParticleSystems":true},"in2DMode":false,"pivot":{"x":0.11002463847398758,"y":1.085569143295288,"z":0.2813613712787628},"rotation":{"x":-0.08954311162233353,"y":0.028676310554146768,"z":-0.002565958769991994,"w":-0.995566725730896},"size":0.33493033051490786,"orthographic":true}