{"cameraMode":{"drawMode":0,"name":"Shaded","section":"Shading Mode"},"sceneLighting":false,"audioPlay":false,"sceneViewState":{"showFog":true,"showMaterialUpdate":false,"showSkybox":false,"showFlares":true,"showImageEffects":true,"showParticleSystems":true},"in2DMode":false,"pivot":{"x":0.00457354448735714,"y":-0.01468733325600624,"z":-0.0021729469299316408},"rotation":{"x":-0.10928075760602951,"y":-0.004473346751183271,"z":0.0004917826154269278,"w":-0.9940007328987122},"size":0.15533022582530976,"orthographic":false}