{"cameraMode":{"drawMode":0,"name":"Shaded","section":"Shading Mode"},"sceneLighting":false,"audioPlay":false,"sceneViewState":{"showFog":true,"showMaterialUpdate":false,"showSkybox":false,"showFlares":true,"showImageEffects":true,"showParticleSystems":true},"in2DMode":false,"pivot":{"x":0.0,"y":-0.007500000298023224,"z":-0.0009999996982514859},"rotation":{"x":-0.08687423914670944,"y":-0.019425317645072938,"z":0.0016942532965913416,"w":-0.996028482913971},"size":0.13401617109775544,"orthographic":false}