{"cameraMode":{"drawMode":0,"name":"Shaded","section":"Shading Mode"},"sceneLighting":true,"audioPlay":false,"sceneViewState":{"showFog":true,"showMaterialUpdate":false,"showSkybox":true,"showFlares":true,"showImageEffects":true,"showParticleSystems":true},"in2DMode":false,"pivot":{"x":-0.046505339443683627,"y":-0.10089224576950073,"z":0.4672609865665436},"rotation":{"x":-0.283182829618454,"y":0.3575113117694855,"z":-0.11471796035766602,"w":-0.8825151324272156},"size":0.8142635226249695,"orthographic":false}