{"cameraMode":{"drawMode":0,"name":"Shaded","section":"Shading Mode"},"sceneLighting":true,"audioPlay":false,"sceneViewState":{"showFog":true,"showMaterialUpdate":false,"showSkybox":true,"showFlares":true,"showImageEffects":true,"showParticleSystems":true},"in2DMode":false,"pivot":{"x":-0.08692169934511185,"y":-0.015245938673615456,"z":0.025013763457536699},"rotation":{"x":0.18676669895648957,"y":0.2158101499080658,"z":-0.04209744930267334,"w":0.957482099533081},"size":0.18461874127388,"orthographic":false}