{"cameraMode":{"drawMode":0,"name":"Shaded","section":"Shading Mode"},"sceneLighting":true,"audioPlay":false,"sceneViewState":{"showFog":true,"showMaterialUpdate":false,"showSkybox":true,"showFlares":true,"showImageEffects":true,"showParticleSystems":true},"in2DMode":false,"pivot":{"x":0.0,"y":-0.00029999762773513794,"z":-0.020500000566244127},"rotation":{"x":0.07792098820209503,"y":0.0020949561148881914,"z":-0.0001635475637158379,"w":0.9969573616981506},"size":0.5230705738067627,"orthographic":true}