{"cameraMode":{"drawMode":0,"name":"Shaded","section":"Shading Mode"},"sceneLighting":true,"audioPlay":false,"sceneViewState":{"showFog":true,"showMaterialUpdate":false,"showSkybox":true,"showFlares":true,"showImageEffects":true,"showParticleSystems":true},"in2DMode":false,"pivot":{"x":-0.0726805254817009,"y":0.13293153047561646,"z":0.037951622158288959},"rotation":{"x":0.1538851261138916,"y":-0.0038521909154951574,"z":0.0006001390283927321,"w":0.9880810379981995},"size":0.7118268013000488,"orthographic":true}