{"cameraMode":{"drawMode":0,"name":"Shaded","section":"Shading Mode"},"sceneLighting":true,"audioPlay":false,"sceneViewState":{"showFog":true,"showMaterialUpdate":false,"showSkybox":true,"showFlares":true,"showImageEffects":true,"showParticleSystems":true},"in2DMode":false,"pivot":{"x":-0.0032653585076332094,"y":0.09057922661304474,"z":0.06423339247703552},"rotation":{"x":0.06441235542297363,"y":0.03651699051260948,"z":-0.002358432626351714,"w":0.9972522258758545},"size":0.35153067111968996,"orthographic":true}