{"cameraMode":{"drawMode":0,"name":"Shaded","section":"Shading Mode"},"sceneLighting":true,"audioPlay":false,"sceneViewState":{"showFog":true,"showMaterialUpdate":false,"showSkybox":true,"showFlares":true,"showImageEffects":true,"showParticleSystems":true},"in2DMode":false,"pivot":{"x":-0.14739303290843965,"y":0.12099537253379822,"z":-0.2910339832305908},"rotation":{"x":0.2051478922367096,"y":0.05927136540412903,"z":-0.012447290122509003,"w":0.9768553376197815},"size":0.47811803221702578,"orthographic":true}