{"cameraMode":{"drawMode":0,"name":"Shaded","section":"Shading Mode"},"sceneLighting":true,"audioPlay":false,"sceneViewState":{"showFog":true,"showMaterialUpdate":false,"showSkybox":true,"showFlares":true,"showImageEffects":true,"showParticleSystems":true},"in2DMode":false,"pivot":{"x":0.04500000178813934,"y":-0.10707984864711762,"z":-0.0010000001639127732},"rotation":{"x":-0.018204251304268838,"y":-0.1021038368344307,"z":0.0018686006078496576,"w":-0.9946054220199585},"size":0.4150749444961548,"orthographic":false}