{"cameraMode":{"drawMode":0,"name":"Shaded","section":"Shading Mode"},"sceneLighting":true,"audioPlay":false,"sceneViewState":{"showFog":true,"showMaterialUpdate":false,"showSkybox":true,"showFlares":true,"showImageEffects":true,"showParticleSystems":true},"in2DMode":false,"pivot":{"x":0.2160062938928604,"y":-0.019500834867358209,"z":-0.4083007276058197},"rotation":{"x":0.12410169839859009,"y":0.03482303395867348,"z":-0.004357106052339077,"w":0.9916487336158752},"size":0.6064373850822449,"orthographic":true}