{"cameraMode":{"drawMode":0,"name":"Shaded","section":"Shading Mode"},"sceneLighting":true,"audioPlay":false,"sceneViewState":{"showFog":true,"showMaterialUpdate":false,"showSkybox":true,"showFlares":true,"showImageEffects":true,"showParticleSystems":true},"in2DMode":false,"pivot":{"x":-0.0070023746229708199,"y":0.06561385095119477,"z":0.002291389275342226},"rotation":{"x":-0.050973691046237949,"y":0.01288070622831583,"z":-0.0006574641447514296,"w":-0.9986167550086975},"size":0.5198636054992676,"orthographic":false}