{"cameraMode":{"drawMode":0,"name":"Shaded","section":"Shading Mode"},"sceneLighting":true,"audioPlay":false,"sceneViewState":{"showFog":true,"showMaterialUpdate":false,"showSkybox":true,"showFlares":true,"showImageEffects":true,"showParticleSystems":true},"in2DMode":false,"pivot":{"x":0.08598773181438446,"y":-0.008630323223769665,"z":0.21226879954338075},"rotation":{"x":0.08265683054924011,"y":-0.1237470880150795,"z":0.010344112291932106,"w":0.988811194896698},"size":0.9369195103645325,"orthographic":true}