{"cameraMode":{"drawMode":0,"name":"Shaded","section":"Shading Mode"},"sceneLighting":true,"audioPlay":false,"sceneViewState":{"showFog":true,"showMaterialUpdate":false,"showSkybox":true,"showFlares":true,"showImageEffects":true,"showParticleSystems":true},"in2DMode":false,"pivot":{"x":0.14109446108341218,"y":0.024060774594545366,"z":0.0284423828125},"rotation":{"x":0.04935865104198456,"y":-0.0697561502456665,"z":0.0034568430855870249,"w":0.9963362812995911},"size":0.6066356897354126,"orthographic":true}