{"cameraMode":{"drawMode":0,"name":"Shaded","section":"Shading Mode"},"sceneLighting":true,"audioPlay":false,"sceneViewState":{"showFog":true,"showMaterialUpdate":false,"showSkybox":true,"showFlares":true,"showImageEffects":true,"showParticleSystems":true},"in2DMode":false,"pivot":{"x":0.07700000703334809,"y":-0.07911305874586106,"z":0.020500000566244127},"rotation":{"x":-0.023996351286768915,"y":-0.009895150549709797,"z":0.00023788939870428294,"w":-0.9996631145477295},"size":1.580112338066101,"orthographic":true}